No. ,Jenis Pertanyaan,Pertanyaan,Jawaban,Format
1,Umum,Apa tujuan utama dari pembentukan Kitab Undang-Undang Hukum Pidana (KUHP) yang baru?,"Tujuan utama dari pembentukan Kitab Undang-Undang Hukum Pidana (KUHP) yang baru adalah diperlukan adanya pembaharuan hukum yaitu demokratisasi hukum pidana karena KUHP lama merupakan produk hukum pemerintahan zaman kolonial Hindia Belanda. Pada KUHP baru pemidanaannya berorientasi pada pencegahan bukan penjatuhan hukum. Salah satu contohnya, yaitu diperhatikannya atau diaturnya hak-hak korban disamping proses hukum terhadap kejahatan yang dilakukan pelaku. Pembaharuan ini dilakukan dengan alasan filosofis, politis, sosiologis, dan praktis.  

Filosofis: KUHP lama disusun oleh pemerintah kolonial Belanda dan tidak sesuai dengan landasan filosofis Indonesia.

Sosiologis: Banyak pasal KUHP lama yang tidak lagi sesuai dengan nilai-nilai yang berlaku dalam masyarakat Indonesia modern, dan adanya kemajuan ilmu pengetahuan dan teknologi membuat berbagai pengaturan dalam KUHP menjadi tidak memadai dan ketinggalan zaman.","'Apa tujuan utama dari pembentukan Kitab Undang-Undang Hukum Pidana (KUHP) yang baru?',"
2,Umum,Apa yang dimaksud dengan Kitab Undang-Undang Hukum Pidana KUHP?,"Kitab Undang-Undang Hukum Pidana (KUHP) adalah kumpulan peraturan yang mengatur tentang hukum pidana di Indonesia., seperti tindak pidana, pemidanaan, dan proses hukum terkait pelanggaran hukum pidana. ","'Apa yang dimaksud dengan Kitab Undang-Undang Hukum Pidana KUHP?',"
3,Ruang Lingkup,Bagaimana ruang lingkup berlakunya ketentuan peraturan perundang-undangan pidana menurut waktu?,"Ketentuan peraturan Perundang-undangan hukum pidana menurut waktu diatur dalam asas legalitas dan asas retroaktif. 

Asas legalitas ini berasal dari doktrin nullum delictum nulla poena sine praevia lege poenal yang berarti tiada tindak pidana dan hukuman pidana tanpa sebelumnya ditetapkan dalam suatu undang-undang. Sebagai mana diatur dalam Pasal 1 ayat (1) UU 1/2023 ""Suatu perbuatan tidak dipidana, kecuali berdasarkan kekuatan perundang-undangan pidana yang telah ada"". 

Asas retroaktif menyatakan bahwa peraturan perundang-undanganitu harus sudah ada sebelum tindak pidana itu terjadi, artinya peraturan pidana tidak boleh belaku surut (retroaktif).","'Bagaimana ruang lingkup berlakunya ketentuan peraturan perundang-undangan pidana menurut waktu?',"
4,Ruang Lingkup,Apa yang dimaksud dengan asas wilayah atau teritorial dalam KUHP?,"Asas wilayah atau teritorial adalah asas hubungan internasional yang mewajibkan suatu negara tetap berada dalam wilayah kekuasaannya. Hal ini juga berarti sebuah negara yang berdaulat bertanggung jawab untuk menjaga ketertiban hukum di wilayahnya. Negara berhak untuk memberlakukan hukuman pidana bagi siapa pun yang melakukan tindak pidana di wilayahnya. Sebagaimana diatur dalam Pasal 4 UU 1/2023 yang menyatakan bahwa hukuman pidana belaku bagi siapa pun yang melakukan tindak pidana:
1. Di wilayah Negara Kesatuan Republik Indonesia (NKRI); 
2. Kapal atau Pesawat Udara Indonesia; atau
3. Di bidang teknologi informasi atau tindak pidana lainnya yang akibatnya dialami atau terjadi di wilayah Negara Kesatuan Republik Indonesia atau di Kapal Indonesia dan di Pesawat Undara Indonesia.","'Apa yang dimaksud dengan asas wilayah atau teritorial dalam KUHP?',"
5,Hukum yang Hidup dalam Masyarakat,Bagaimana ketentuan Pasal 2 ayat (1) dan (2) dalam hukum pidana mengatur tentang hukum yang hidup dalam masyarakat?,"Hukum yang hidup dalam masyarakat yang terdapat dalam Pasal 2 menjelaskan bahwa sebagaimana dimaksud pada ayat (1) berlaku dalam tempat hukum itu hidup dan sepanjang tidak diatur dalam Undang-Undang ini dan sesuai dengan nilai-nilai yang terkandung dalam Pancasila, Undang-Undang Dasar Negara Republik Indonesia Tahun 1945, hak asasi manusia, dan asas hukum umum yang diakui masyarakat beradab.","'Bagaimana ketentuan Pasal 2 ayat (1) dan (2) dalam hukum pidana mengatur tentang hukum yang hidup dalam masyarakat?',"
6,Perubahan Peraturan Perundang-undangan,Apa yang terjadi jika terdapat perubahan peraturan perundang-undangan setelah suatu perbuatan dilakukan?,"Jika terjadi perubahan peraturan perundang-undangan setelah suatu perbuatan dilakukan, maka akan diberlakukan peraturan perundang-undangan yang baru, kecuali ketentuan peraturan perundang-undangan yang lama menguntungkan bagi pelaku dan pembantu tindak pidana.","'Apa yang terjadi jika terdapat perubahan peraturan perundang-undangan setelah suatu perbuatan dilakukan?',"
7,Asas Pelindungan dan Nasional,Apa yang dimaksud dengan asas prelindungan dan asas nasional pasif dalam KUHP?,"Asas perlindungan atau asas nasional pasif merupakan asas yang menekankan pada perlindungan unsur nasional terhadap siapa pun dan dimana pun. Prinsip ini dijelaskan dalam Pasal 5 KHUHP 2023 yang menyatakan bahwa hukum pidana berlaku bagi siapapun di luar wilayah NKRI yang melakukan tindak pidana yang berhubungan dengan kepentingan NKRI, seperti keamanan negara, martabat Presiden, Wakil Presiden, pejabat Indonesia, atau kredit yang dikeluarkan oleh perbankan Indonesia, prekonomian, perdagangan, perbankan Indonesia, keselamatan pelayaran dan penerbangan, keselamatan bangunan, peralatan, dan aset nasional atau negara Indonesia, serta keselamatan sistem komunikasi elektronik.","'Apa yang dimaksud dengan asas prelindungan dan asas nasional pasif dalam KUHP?',"
8,Asas Pelindungan dan Nasional,Bagaimana asas nasional aktif diterapkan bagi warga negara Indonesia yang melakukan tindak pidana di luar negeri?,"Asas nasional aktif diterapkan di Indonesia sebagaimana dalam Pasal 8 UU 1/2023 yang menyatakan bahwa hukum pidana Indonesia berlaku bagi warga negara Indonesia yang melakuka tindak pidana di luar wilayah Indonesia, selama tindak pidana tersebut juga merupakan pelanggaran hukum di negara tempat kejadian pidana tersebut terjadi. Namun, terdapat pengecualian pemberlakuan untuk tindak pidana yang hanya diancam dengan pidana denda kategori III.
Warga negara Indonesia yang melakukan tindak pidana di luar negeri tidak dapat dihukum mati jika hukum negara tempat kejadian tersebut tidak mengancam dengan hukuman mati.","'Bagaimana asas nasional aktif diterapkan bagi warga negara Indonesia yang melakukan tindak pidana di luar negeri?',"
9,Tindak Pidana dan Pertanggungjawaban Pidana,Apa definisi dari tindak pidana?,"Istilah tindak pidana berasal dari bahasa Belanda ""Strafbaar feit"" yang memiliki banyak istilah lain, yaitu delik yang jika disimpulkan kedua istilah tersebut memiliki arti yang sama dengan perbuatan yang dapat/boleh dihukum, peristiwa pidana, perbuatan pidana, dan tindak pidana.

Jadi, tindak pidana merupakan perbuatan yang dilakukan seseoran dengan melakukan suatu kejahatan atau pelanggaran pidana yang merugikan kepentingan orang lain atau merugikan kepentingan umum.","'Apa definisi dari tindak pidana?',"
10,Tindak Pidana dan Pertanggungjawaban Pidana,Bagaimana permufakatan jahat diatur dalam KUHP?,"Pemufakatan jahat diatur dalam Pasal 13 UU 1/2023 baru, pasal ini berisikan:
(1) Permufakatan jahat terjadi jika 2 (dua) orang atau lebih bersepakat untuk melakukan Tindak Pidana.
(2) Pemufakatan jahat melakukan Tindak Pidana dipidana jika ditentukan secara tegas dalam Undang-Undang.
(3) Pidana untuk pemufakatan jahat melakukan tindak pidana paling banyak 1/3 (satu per tiga) dari maksimum ancaman pidana pokok untuk tindak pidana yang bersangkutan.
(4) Permufakatan jahat melakukan Tindak Pidana yang diancam dengan pidana mati atau pidana penjara seumur hidup dipidana dengan pidana penjara paling lama 7 (tujuh) tahun.
(5) Pidana tambahan untuk permufakatan jahat melakukan Tindak Pidana sama dengan pidana tambahan untuk Tindak Pidana yang bersangkutan.","'Bagaimana permufakatan jahat diatur dalam KUHP?',"
11,Persiapan dan Percobaan,Apa saja yang termasuk dalam persiapan melakukan tindak pidana?,"Yang termasuk dalam persiapan melakukan tindak pidana sebagaimana tercantum dalam pasal 15 ayat (1) UU 1/2023baru yang berbunyi ""Persiapan melakukan Tindak Pidana terjadi jika pelaku berusaha untuk mendapatkan atau menyiapkan sarana berupa alat, mengumpulkan informasi atau menyusun perencanaan tindakan, atau melakukan tindakan serupa yang dimaksudkan untuk menciptakan kondisi untuk dilakukannya suatu perbuatan yang secara langsung ditujukan bagi penyelesaian Tindak Pidana"".","'Apa saja yang termasuk dalam persiapan melakukan tindak pidana?',"
12,Persiapan dan Percobaan,Bagaimana KUHP mengatur tentang percobaan melakukan tindak pidana?,"Terkait percobaan melakukan tindak pidana diatur dalam Pasal 17 UU 1/2023 baru:
(1) Percobaan melakukan Tindak Pidana terjadi jika niat pelaku telah nyata dari adanya permulaan pelaksanaan dari Tindak Pidana yang dituju, tetapi pelaksanaannya tidak selesai, tidak mencapai hasil, atau tidak menimbulkan akibat yang dilarang, bukan karena semata-mata atas kehendaknya sendiri.
(2) Permulaan pelaksanaan sebagaimana dimaksud pada ayat (1) terjadi jika: 
      a. Perbuatan yang dilakukan itu diniatkan atau ditujukan untuk terjadinya Tindak Pidana; dan
      b. Perbuatan yang dilakukan langsung berpotensi menimbulkan Tindak Pidana yang dituju.
(3) Pidana untuk percobaan melakukan Tindak Pidana paling banyak 2/3 (dua per tiga) dari maksimum ancaman pidana pokok untuk Tindak Pidana yang bersangkutan.
(4) Percobaan melakukan Tindak Pidana yang diancam dengan pidana mati atau pidana penjara seumur hidup, dipidana dengan pidana penjara paling lama 15 (lima belas) tahun.
(5) Pidana tambahan untuk percobaan melakukan Tindak Pidana sama dengan pidana tambahan untuk Tindak Pidana yang bersangkutan","'Bagaimana KUHP mengatur tentang percobaan melakukan tindak pidana?',"
13,Penyertaan,Siapa saja yang dapat dipidana sebagai pelaku tindak pidana menurut Pasal 20 KUHP?,"Dalam Pasal 20 UU 1/2023 baru menyebutkan mengenai setiap orang dipidana sebagai pelaku Tindak Pidana jika:
a. Melakukan sendiri Tindak Pidana;
b. Melakukan Tindak Pidana dengan perantaraan alat atau menyuruh orang lain yang tidak dapat dipertanggungjawabkan;
c. Turut serta melakukan Tindak Pidana; atau
d. Menggerakkan orang lain supaya melakukan Tindak Pidana dengan cara memberi atau menjanjikan sesuatu, menyalahgunakan kekuasaan atau martabat, melakukan Kekerasan, menggunakan ancaman kekerasan, melakukan penyesatan, atau dengan memberi kesempatan, sarana, atau keterangan.","'Siapa saja yang dapat dipidana sebagai pelaku tindak pidana menurut Pasal 20 KUHP?',"
14,Penyertaan,Bagaimana aturan mengenai pembantuan dalam melakukan tindak pidana?,"Pembantuan dalam melakukan tindak pidana diatur dalam Pasal 21 KUHP baru (UU 1/2023), yang berbunyi:
(1) Setiap orang dipidana sebagai pembantu tindak pidana jika dengan sengaja:
     a. memberi kesempatan, sarana, atau keterangan untuk melakukan tindak pidana; atau 
     b. memberi bantuan pada waktu tindak pidana dilakukan.
(2) Ketentuan sebagaimana dimaksud pada ayat (1) tidak berlaku untuk pembantuan melakukan Tindak Pidana yang hanya diancam dengan pidana denda paling banyak kategori II.
(3) Pidana untuk pembantuan melakukan Tindak Pidana paling banyak 213 (dua per tiga) dari maksimum ancarnan pidana pokok untuk Tindak Pidana yang bersangkutan.
(4) Pembantuan melakukan Tindak Pidana yang diancam dengan pidana mati atau pidana penjara seumur hidup, dipidana dengan pidana penjara paling lama 15 (lima belas) tahun.
(5) Pidana tambahan untuk pembantuan melakukan Tindak Pidana sama dengan pidana tambahan untuk Tindak Pidana yang bersangkutan.

Dalam pembantuan melakukan tindak pidana, element ""sengaja"" harus ada, sehingga orang yang secara kebetulan dengan tidak mengetahui telah memberikan kesempatan, saya, upaya, atau keterangan untuk melakukan kejahatan itu tidak dihukum.","'Bagaimana aturan mengenai pembantuan dalam melakukan tindak pidana?',"
15,Pengulangan Tindak Pidana,Bagaimana KUHP ini mengatur tentang pengulangan tindak pidana?,"Pengulangan melakukan tindak pidana diatur dalam Pasal 23 UU 1/2023, yang menyatakan bahwa:
(1) Pengulangan Tindak Pidana terjadi jika Setiap Orang:
      a. Melakukan Tindak Pidana kembali dalam waktu 5 (lima) tahun setelah menjalani seluruh atau sebagian pidana pokok yang dijatuhkan atau pidana pokok yang dijatuhkan telah dihapuskan; atau
      b. Pada waktu melakukan Tindak Pidana, kewajiban menjalani pidana pokok yang dijatuhkan terdahulu belum kedaluwarsa.
(2) Tindak Pidana sebagaimana dimaksud pada ayat (1) mencakup Tindak Pidana yang diancam dengan pidana minimum khusus, pidana penjara 4 (empat) tahun atau lebih, atau pidana denda paling sedikit kategori III.
(3) Ketentuan sebagaimana dimaksud pada ayat (1) juga berlaku untuk Tindak Pidana mengenai penganiayaan.","'Bagaimana KUHP ini mengatur tentang pengulangan tindak pidana?',"
16,Sanksi Pidana,Apa saja jenis sanksi pidana yang diatur dalam KUHP?,"Jenis sanksi pidana diatur dalam Pasal 64, Pasal 65 ayat (1), Pasal 66 ayat (1), dan Pasal 67 UU 1/2023.

Pasal 64:
Pidana terdiri atas:
a. Pidana pokok;
b. Pidana tambahan; dan
c. Pidana yang bersifat khusus untuk Tindak Pidana tertentu yang ditentukan dalam Undang-Undang.

Pasal 65:
(1) Pidana pokok sebagaimana dimaksud dalam Pasal 64 huruf a terdiri atas:
      a. Pidana penjara;
      b. Pidana tutupan;
      c. Pidana pengawasan;
      d. Pidana denda; dan
      e. Pidana kerja sosial.

Pasal 66:
(1) Pidana tambahan sebagaimana dimaksud dalam Pasal 64 huruf b terdiri atas:
      a. Pencabutan hak tertentu;
      b. Perampasan Barang tertentu dan/ atau tagihan;
      c. Pengumuman putusan hakim;
      d. Pembayaran ganti nrgi;
      e. Pencabutan izin tertentu; dan
      f.  Pemenuhan kewajiban adat setempat.

Pasal 67
Pidana yang bersifat khusus sebagaimana dimaksud dalam Pasal 64 huruf c merupakan pidana mati yang selalu diancamkan secara alternatif.","'Apa saja jenis sanksi pidana yang diatur dalam KUHP?',"
17,Sanksi Pidana,Bagaimana pembebasan pelaku tindak pidana diatur jika terjadi perubahan peraturan yang menguntungkan pelaku?,"Jika terjadi perubahan peraturan, maka akan diterapkan asas retroaktif yang mengatur bahwa peraturan baru yang lebih menguntungkan pelaku tindak pidana harus diterapkan, sebagaimana diatur dalam Pasal 3 ayat (1) UU 1/2023.

Pasal 3:
(1) Dalam hal terdapat perubahan peraturan perundang undangan sesudah perbuatan terjadi, diberlakukan peraturan perundang-undangan yang baru, kecuali ketentuan peraturan perundang-undangan yang lama menguntungkan bagi pelaku dan pembantu Tindak Pidana.","'Bagaimana pembebasan pelaku tindak pidana diatur jika terjadi perubahan peraturan yang menguntungkan pelaku?',"
18,Pasal-pasal Spesifik,Apa yang diatur dalam Pasal 5 mengenai tindak pidana di luar wilayah Indonesia?,"Dalam pasal 5 UU No. 1 Tahun 2023 dalam KUHP baru mengatur tentang, ketentuan pidana dalam Undang-Undang berlaku bagi setiap orang di luar wilayah Negara Kesatuan Republik Indonesia yang melakukan Tindak Pidana terhadap kepentingan Negara Kesatuan Republik Indonesia yang berhubungan dengan:
- Keamanan negara atau proses kehidupan ketatanegaraan;
- Martabat Presiden, Wakil Presiden, dan/atau Pejabat Indonesia di luar negeri;
- Mata uang, segel, cap negara, meterai, atau surat berharga yang dikeluarkan oleh Pemerintah Indonesia, atau kartu kredit yang dikeluarkan oleh perbankan Indonesia;
- Perekonomian, perdagangan, dan perbankan Indonesia;
- Keselamatan atau keamanan pelayaran dan penerbangan;
- Keselamatan atau keamanan bangunan, peralatan, dan aset nasional atau negara Indonesia;
- keselamatan atau keamanan sistem komunikasi elektronik;
- kepentingan nasional Indonesia sebagaimana ditetapkan dalam Undang-Undang; atau
-  warga negara Indonesia berdasarkan perjanjian internasional dengan negara tempat terjadinya Tindak Pidana.","'Apa yang diatur dalam Pasal 5 mengenai tindak pidana di luar wilayah Indonesia?',"
19,Pasal-pasal Spesifik,Bagaimana Pasal 17 mengatur tentang percobaan tindak pidana?,"Dalam pasal 17 ayat (1) UU 1/2023 baru tertulis bahwa: 
Percobaan melakukan Tindak Pidana terjadi jika niat pelaku telah nyata dari adanya permulaan pelaksanaan dari Tindak Pidana yang dituju, tetapi pelaksanaannya tidak selesai, tidak mencapai hasil, atau tidak menimbulkan akibat yang dilarang, bukan karena semata-mata atas kehendaknya sendiri.","'Bagaimana Pasal 17 mengatur tentang percobaan tindak pidana?',"
20,Pasal-pasal Spesifik,Sebutkan kasus pidana yang termasuk ke dalam pidana umum,"Berikut merupakan beberapa kasus yang termasuk ke dalam tindak pidana umum:
- Pelanggaran lalu lintas.
- Sumpah palsu dan keterangan palsu.
- Senjata api.
- Kejahatan terhadap kesusilaan.
- Penghinaan.
- Penipuan.
- Pemalsuan.
- Pembunuhan.
- Kejahatan terhadap keamanan negara.
- Penggelapan.
- Kealfaan mengakibatkan kematianluka.
- Pemalsuan uang.
- Penganiayaan.
- Pemerasan dan pengancaman.
- Pencurian.
- Kehutanan.
- Jinayat.
- Kejahatan terhadap ketertiban umum.
- Kejahatan terhadap asal usul perkawinan.
- Perjudian.
- Pemerasan dan pengancaman.
- Kejahatan terhadap kemerdekaan orang lain.
- Perusakan
- Pra peradilan.
- Penadahan","'Sebutkan kasus pidana yang termasuk ke dalam pidana umum',"
21,Pasal-pasal Spesifik,Bagaimana KUHP ini mengatur tentang tindak pidana terorisme?,"Dalam KUHP baru (UU no. 1 /2023), terorisme diatur dalam Pasal 600 hingga Pasal 602.

Pasal 600:
Setiap Orang yang menggunakan Kekerasan atau Ancaman Kekerasan yang menimbulkan suasana teror atau rasa takut terhadap orErng secara meluas, menimbulkan Korban yang bersifat massal dengan cara merampas kemerdekaan atau hilangnya nyawa dan harta benda orang lain, atau mengalibatkan kerusakan atau kehancuran terhadap objek vital yang strategis, lingkungan hidup, fasilitas publik, atau fasilitas internasional, dipidana dengan pidana penjara paling singkat 5 (lima) tahun dan paling lama 20 (dua puluh) tahun, pidana penjara seumur hidup, atau pidana mati.

Pasal 601:
Setiap Orang yang menggunakan Kekerasan atau Ancaman Kekerasan bermaksud untuk menimbulkan suasana teror atau rasa takut terhadap orang secara meluas atau menimbulkan Korban yang bersifat massal dengan cara merampas kemerdekaan atau hilangnya nyawa atau harta benda orang lain, atau untuk menimbulkan kerusakan atau kehancuran terhadap objek vital yang strategis, lingkungan hidup, fasilitas publik, atau fasilitas internasional, dipidana dengan pidana penjara paling singkat 3 (tiga) tahun dan paling lama 20 (dua puluh) tahun atau pidana penjara seumur hidup.

Pasal 602
Setiap Orang yang menyediakan, mengumpulkan, memberikan, atau meminjamkan dana, baik langsung maupun tidak langsung, dengan maksud digunakan seluruhnya atau sebagian untuk melakukan Tindak Pidana terorisme, organisasi teroris, atau teroris, dipidana karena Tindak Pidana pendanaan terorisme dengan pidana penjara paling lama 15 (lima belas) tahun dan pidana denda paling banyak kategori V.","'Bagaimana KUHP ini mengatur tentang tindak pidana terorisme?',"
22,Pasal-pasal Spesifik,Bagaimana KUHP mengatur tentang tindak pidana terhadap anak?,"Tindak yang dilakukan terhadap anak diatur dalam KUHP baru (UU no. 1/2023) sebagai berikut:

Pasal 419 ayat (1) dan (2):
(1) Setiap orang yang menghubungkan atau memudahkan orang lain berbuat cabul atau bersetubuh dengan anak, dipidana penjara paling lama 7 tahun.
(2) Jika perbuatan tersebut dilakukan terhadap anak kandung, anak tiri, anak angkat, atau anak di bawah pengawasannya, pidana penjara paling lama 9 tahun.

Pasal 422 ayat (1) dan (2):
(1) Setiap orang yang menggerakkan, membawa, menempatkan, atau menyerahkan anak kepada orang lain untuk melakukan percabulan, pelacuran, atau perbuatan melanggar kesusilaan lainnya, dipidana penjara paling lama 9 tahun.
(2) Jika perbuatan tersebut dilakukan dengan menjanjikan anak memperoleh pekerjaan atau janji lainnya, pidana penjara paling lama 10 tahun.

Pasal 453:
Tindak pidana yang dilakukan dengan kekerasan atau ancaman kekerasan terhadap anak yang belum berumur 12 tahun dapat dikenakan pidana penjara lebih berat.","'Bagaimana KUHP mengatur tentang tindak pidana terhadap anak?',"
23,Pasal-pasal Spesifik,Bagaimana KUHP ini mengatur tentang tindak pidana lingkungan hidup?,"Tindak pidana mengenai lingkungan hidup diatur dalam KUHP baru (UU no. 1/2023) yang mengatur beberapa aspek berikut:

1. Penggunaan Bioteknologi Modern yang Membahayakan
     - Pasal 338 ayat (2): 
Setiap orang yang menerapkan bioteknologi modern untuk menghasilkan hewan atau produk hewan transgenik yang membahayakan kelestarian sumber daya hewan, kesehatan dan keselamatan masyarakat, dan kelestarian fungsi lingkungan hidup, dapat dikenakan pidana penjara paling lama 2 tahun atau pidana denda paling banyak kategori IV.

2. Kecerobohan yang Membahayakan Lingkungan:
     - Pasal 339:
Tindak pidana yang terkait dengan kecerobohan yang membahayakan umum termasuk tindakan yang dapat merusak lingkungan, seperti tidak menaruh tanda peringatan atau menerangi secukupnya pada lubang atau galian di jalan umum, dapat dikenakan pidana denda paling banyak kategori II.

3. Gangguan Terhadap Ketentraman Lingkungan
     - Pasal 265:
Setiap orang yang mengganggu ketenteraman lingkungan dengan membuat hingar-bingar atau berisik pada malam hari dapat dikenakan pidana denda paling banyak kategori II.","'Bagaimana KUHP ini mengatur tentang tindak pidana lingkungan hidup?',"
24,Hak Asasi Manusia,Bagaimana KUHP ini memastikan perlindungan hak asasi manusia dalam proses penegakan hukum pidana?,"Perlindungan Hak Asasi Manusia (HAM) diatur dan dilindungi melalui berbagai ketentuan peraturan. Berikut merupakan beberapa hal mengenai HAM yang diatur dalam KUHP baru (UU no. 1/2023):

1. Tindak Pidana Berat Terhadap Hak Asasi Manusia
     - Pasal 598 dan Padal 599:
Mengatur tentang genosida dan kejahatan terhadap kemanusiaan. Tindakan seperti pembunuhan, penganiayaan berat, pemindahan paksa, dan lainnya yang termasuk ke dalam kategori kejahatan berat terhadap hak asasi manusia dijatuhi sanksi berat, termasuk pidana mati, penjara seumur hidup, atau penjara paling lama 20 tahun.

2. Pembedaan, Pengecualian Pembatasan, atau Pemilihan Berdasarkan Ras dan Etnis
     - Pasal 244:
Mengatur bahwa setiap orang yang melakukan diskriminasi berdasarkan ras dan etnis yang mengurangi hak asasi manusia dan kebebasan dasar dipidana dengan penjara paling lama 1 tahun atau denda kategori III. Selain itu, Pasal 245 memberikan tambahan pidana 1/3 bagi pelaku yang melakukan tindak pidana berdasarkan diskriminasi ras dan etnis.

3. Konvensi Internasional dan Perlindungan HAM:
KUHP ini juga mengadopsi berbagai konvensi internasional terkait hak asasi manusia, seperti Konvensi Menentang Penyiksaan dan Perlakuan atau Penghukuman Lain yang Kejam, Tidak Manusiawi, atau Merendahkan Martabat Manusia. Hal ini menunjukkan komitmen KUHP untuk menyesuaikan dengan standar internasional dalam perlindungan hak asasi manusia.

4. Kewenagan Khusus Lemabaga Penegak Hukum:
KUHP menegaskan bahwa lembaga penegak hukum seperti Komisi Nasional Hak Asasi Manusia (Komnas HAM) tetap memiliki kewenangan khusus dalam menangani tindak pidana berat terhadap hak asasi manusia. Ini bertujuan untuk memastikan adanya lembaga khusus yang fokus pada perlindungan dan penegakan hak asasi manusiaâ€‹.","'Bagaimana KUHP ini memastikan perlindungan hak asasi manusia dalam proses penegakan hukum pidana?',"
25,Hak Asasi Manusia,Bagaimana pengaturan mengenai hak-hak tersangka atau terdakwa dalam KUHAP?,"Berdasarkan UU No. 8 tahun 1981 tentang KItab Undang-undang Hukum Acara Pidana (KUHAP), hak-hak tersangka dan terdakwa diatur dalam:

Pasal 50:
(1) Tersangka berhak segera mendapat pemeriksaan oleh penyidik dan selanjutnya dapat diajukan kepada penuntut umum.
(2) Tersangka berhak perkaranya segera dimajukan ke pengadilan oleh penuntut umum.
(3) Terdakwa berhak segera diadili oleh pengadilan.

Pasal 51:
Untuk mempersiapkan pembelaan :
1. Tersangka berhak untuk diberitahukan dengan jelas dalam bahasa yang dimengerti olehnya tentang apa yang disangkakan kepadanya pada waktu pemeriksaan dimulai;
2. Terdakwa berhak untuk diberitahukan dengan jelas dalam bahasa yang dimengerti olehnya tentang apa yang didakwakan kepadanya.

Pasal 52:
Dalam pemeriksaan pada tingkat penyidikan dan pengadilan, tersangka atau terdakwa berhak memberikan keterangan secara bebas kepada penyidik atau hakim.

Pasal 53:
(1) Dalam pemeriksaan pada tingkat penyidikan dan pengadilan, tersangka atau terdakwa berhak untuk setiap waktu mendapat bantuan juru bahasa sebagaimana dimaksud dalam Pasal 177.
(2) Dalam hal tersangka atau terdakwa bisu dan atau tuli diberlakukan ketentuan sebagaimana dimaksud dalam Pasal 178.

Pasal 54:
Guna kepentingan pembelaan, tersangka atau terdakwa berhak mendapat bantuan hukum dari seorang atau lebih penasihat hukum selama dalam waktu dan pada setiap tingkat pemeriksaan, menurut tatacara yang ditentukan dalam undang-undang ini.


Pasal 55:
Untuk mendapatkan penasihat hukum tersebut dalam Pasal 54, tersangka atau terdakwa berhak memilih sendiri penasihat hukumnya.

Pasal 56:
(1) Dalam hal tersangka atau terdakwa disangka atau didakwa melakukan tindak pidana yang diancam dengan pidana mati atau ancaman pidana lima belas tahun atau lebih atau bagi mereka yang tidak mampu yang diancam dengan pidana lima tahun atau lebih yang tidak mempunyai penasihat hukum sendiri, pejabat yang bersangkutan pada semua tingkat pemeriksaan dalam proses peradilan wajib menunjuk penasihat hukum bagi mereka.
(2) Setiap penasihat hukum yang ditunjuk untuk bertindak sebagaimana dimaksud dalam ayat (1), memberikan bantuannya dengan cuma-cuma.

Pasal 57:
(1) Tersangka atau terdakwa yang dikenakan penahanan berhak menghubungi penasihat hukumnya sesuai dengan ketentuan undang-undang ini.
(2) Tersangka atau terdakwa yang berkebangsaan asing yang dikenakan penahanan berhak menghubungi dan berbicara dengan perwakilan negaranya dalam menghadapi proses perkaranya.

Pasal 58:
Tersangka atau terdakwa yang dikenakan penahanan berhak menghubungi dan menerima kunjungan dokter pribadinya untuk kepentingan kesehatan baik yang ada hubungannya dengan proses perkara maupun tidak.

Pasal 59:
Tersangka atau terdakwa yang dikenakan penahanan berhak diberitahukan tentang penahanan atas dirinya oleh pejabat yang berwenang, pada semua tingkat pemeriksaan dalam proses peradilan, kepada keluarganya atau orang lain yang serumah dengan tersangka atau terdakwa ataupun orang lain yang bantuannya dibutuhkan oleh tersangka atau terdakwa untuk mendapatkan bantuan hukum atau jaminan bagi penangguhannya.

Pasal 60:
Tersangka atau terdakwa berhak menghubungi dan menerima kunjungan dari pihak yang mempunyai hubungan kekeluargaan atau lainnya dengan tersangka atau terdakwa guna mendapatkan jaminan bagi penangguhan penahanan ataupun untuk usaha mendapatkan bantuan hukum.

Pasal 61:
Tersangka atau terdakwa berhak secara langsung atau dengan perantaraan penasihat hukumnya menghubungi dan menerima kunjungan sanak keluarganya dalam hal yang tidak ada hubungannya dengan perkara tersangka atau terdakwa untuk kepentingan pekerjaan atau untuk kepentingan kekeluargaan.

Pasal 62:
(1) Tersangka atau terdakwa berhak mengirim surat kepada penasihat hukumnya, dan menerima surat dari penasihat hukumnya dan sanak keluarga setiap kali yang diperlukan olehnya, untuk keperluan itu bagi tersangka atau terdakwa disediakan alat tulis menulis.
(2) Surat-menyurat antara tersangka atau terdakwa dengan penasihat hukumnya atau sanak keluarganya tidak diperiksa oleh penyidik, penuntut umum, hakim atau pejabat rumah tahanan negara kecuali jika terdapat cukup alasan untuk diduga bahwa surat menyurat itu disalahgunakan.
(3) Dalam hal surat untuk tersangka atau terdakwa itu ditilik atau diperiksa oleh penyidik, penuntut umum, hakim atau pejabat rumah tahanan negara, hal itu diberitahukan kepada tersangka atau terdakwa dan surat tersebut dikirim kembali kepada pengirimnya setelah dibubuhi cap yang berbunyi ""telah ditilik"".

Pasal 63:
Tersangka atau terdakwa berhak menghubungi dan menerima kunjungan dari rohaniwan.

Pasal 64:
Terdakwa berhak untuk diadili di sidang pengadilan yang terbuka untuk umum.

Pasal 65:
Tersangka atau terdakwa berhak untuk mengusahakan dan mengajukan saksi dan atau seseorang yang memiliki keahlian khusus guna memberikan keterangan yang menguntungkan bagi dirinya.

Pasal 66:
Tersangka atau terdakwa tidak dibebani kewajiban pembuktian.

Pasal 67:
Terdakwa atau penuntut umum berhak untuk minta banding terhadap putusan pengadilan tingkat pertama kecuali terhadap putusan bebas, lepas dari segala tuntutan hukum yang menyangkut masalah kurang tepatnya penerapan hukum dan putusan pengadilan dalam acara cepat.

Pasal 68:
Tersangka atau terdakwa berhak menuntut ganti kerugian dan rehabilitasi sebagaimana diatur dalam Pasal 95 dan selanjutnya.","'Bagaimana pengaturan mengenai hak-hak tersangka atau terdakwa dalam KUHAP?',"
26,Penyidikan dan Penuntutan,Bagaimana prosedur penyidikan dalam KUHAP ini diatur?,"Berikut merupakan prosedur penyidikan tindak pidana secara umum:

1. Pemeriksaan Awal
     - Penyidik melakukan pemeriksaan terhadap tersangka dan saksi untuk mendapatkan keterangan yang diperlukan.
     - Penyidik juga dapat melakukan penggeledahan dan penyitaan barang bukti jika diperlukan.

2. Penahanan
     - Penyidik dapat menahan tersangka jika terdapat cukup bukti yang kuat.
     - Penahanan dapat dilakukan dalam bentuk penahanan rumah, penahanan kota, atau penahanan dalam rumah tahanan negara (Rutan).

3. Pemberitahuan Kepada Penuntut Umum
     - Setelah selesai melakukan penyidikan, penyidik wajib menyampaikan pemberitahuan kepada penuntut umum mengenai hasil penyidikan.

4. Penyerahan Berkas Perkara
     - Penyidik menyerahkan berkas perkara kepada penuntut umum dalam bentuk berkas perkara tahap pertama (P-18).
     - Penuntut umum meneliti berkas perkara dan memberikan petunjuk kepada penyidik jika terdapat kekurangan (P-19).
     - Penyidik melengkapi berkas perkara sesuai petunjuk dan menyerahkan kembali kepada penuntut umum (P-21).

5. Penerbitan Surat Dakwaan
     - Setelah berkas perkara dinyatakan lengkap, penuntut umum menyusun surat dakwaan dan mengajukan perkara ke pengadilan untuk disidangkan.

6. Sidang Pengadilan
     - Perkara dilanjutkan ke proses persidangan di pengadilan untuk diadili oleh hakim.","'Bagaimana prosedur penyidikan dalam KUHAP ini diatur?',"
27,Penyidikan dan Penuntutan,Bagaimana KUHP ini mengatur proses penuntutan terhadap tindak pidana?,"Tahapan Penuntutan
1. Penerimaan Berkas Perkara: Penuntut umum menerima berkas perkara dari penyidik.
2. Penyusunan Dakwaan: Penuntut umum menyusun surat dakwaan berdasarkan bukti-bukti yang ada.
3. Pelimpahan Perkara ke Pengadilan: Penuntut umum melimpahkan perkara ke pengadilan negeri yang berwenang beserta surat dakwaan.
4. Persidangan di Pengadilan: Dilakukan pemeriksaan terhadap terdakwa, saksi-saksi, dan barang bukti.
5. Tuntutan (Requisitoir): Penuntut umum menyampaikan tuntutan pidana terhadap terdakwa.
6. Pembelaan (Pledoi): Terdakwa dan/atau kuasa hukumnya memberikan pembelaan.
7. Replik dan Duplik: Penuntut umum memberikan tanggapan terhadap pembelaan terdakwa (replik), dan terdakwa/kuasa hukumnya memberikan tanggapan kembali (duplik).
8. Putusan Hakim: Hakim membacakan putusan yang berisi pertimbangan hukum, fakta yang terbukti, serta sanksi atau hukuman yang dijatuhkan kepada terdakwa jika dinyatakan bersalah.
9. Upaya Hukum: Terdakwa atau penuntut umum dapat mengajukan banding, kasasi, atau peninjauan kembali jika tidak puas dengan putusan pengadilan.","'Bagaimana KUHP ini mengatur proses penuntutan terhadap tindak pidana?',"
28,Persidangan dan Pembuktian,Apa saja aturan mengenai persidangan dalam KUHAP?,"Berikut aturan mengenai persidangan dalam Kitab Undang-undang Hukum Acara Pidana:
1. Hak Terdakwa:
     - Pasal 54: Mengatur hak terdakwa untuk mendapatkan bantuan hukum.
     - Pasal 152: Mengatur hak terdakwa untuk hadir dalam persidangan.

2. Prosedur Persidangan:
     - Pasal 153: Mengatur tentang persidangan terbuka untuk umum.
     - Pasal 154: Mengatur tentang persidangan tertutup untuk kasus tertentu.
     - Pasal 160: Mengatur tentang pemeriksaan saksi dan barang bukti di persidangan.

3. Hakim dan Putusan:
     - Pasal 182: Mengatur bahwa putusan harus didasarkan pada fakta yang terungkap di persidangan.
     - Pasal 233: Mengatur hak terdakwa untuk mengajukan banding.

4. Pembelaan dan Pledoi:
     - Pasal 182 ayat (6): Mengatur bahwa terdakwa atau penasihat hukumnya berhak menyampaikan pembelaan setelah tuntutan jaksa.

5. Penegakan Hak Asasi Manusia (HAM):
     - Pasal 18: Melarang penyiksaan atau perlakuan yang merendahkan martabat manusia selama proses hukum.
     - Pasal 50: Mengatur hak atas peradilan yang cepat dan adil.

6. Penyelesaian alternatif:
     - Pasal 100: Mengatur tentang penggabungan perkara perdata dan pidana.
     - Pasal 108: Mengatur tentang program diversi untuk tindak pidana ringan atau yang melibatkan anak.

7. Penggunaan Teknologi:
     - Pasal 154 ayat (2): Mengatur tentang kemungkinan persidangan dilakukan secara elektronik dalam kondisi tertentu.

8. Keamanan dan Ketertiban Persidangan:
     - Pasal 153 ayat (3): Mengatur pengamanan dan ketertiban dalam persidangan.
     - Pasal 153 ayat (4): Mengatur sanksi bagi pelanggaran ketertiban dalam persidangan.","'Apa saja aturan mengenai persidangan dalam KUHAP?',"
29,Persidangan dan Pembuktian,Bagaimana aturan mengenai pembuktian dalam persidangan pidana menurut KUHP ini?,"Pembuktian menurut Kitab Undang-undang Hukum Acara Pidana berdasarkan pasal 183 KUHAP, sistem yang dianut oleh KUHAP adalah sistem pembuktian  menurut Undang-Undang secara  negatif  dimana  dalam  isinya berbunyi: 
""Hakim tidak boleh menjatuhkan pidana kepada seseorang kecuali apabila dengan sekurang-kurangnya  dua alat bukti yang sah ia memperoleh keyakinan bahwa suatu tindakan pidana benar-benar terjadi dan bahwa terdakwalah yang bersalah melakukannya."" 
Dengan kata lain untuk menjatuhkan pidana kepada terdakwa harus memenuhi hal-hal berikut:
- Dua alat bukti sah.
- Ada keyakinan hakim akan terjadinya tindak pidana dan terdakwalah yang bersalah melakukannya.","'Bagaimana aturan mengenai pembuktian dalam persidangan pidana menurut KUHP ini?',"
30,Penjatuhan Hukuman,Bagaimana ketentuan mengenai penjatuhan hukuman dalam KUHP ini?,"Ketentuan Pasal 64 UU No. 1 Tahun 2023 menerangkan bahwa sanksi pidana dalam KUHP baru atau UU 1/2023 terdiri atas pidana pokok, pidana tambahan, dan pidana yang bersifat khusus untuk tindak pidana tertentu yang ditentukan dalam undang-undang.

Masih terkait pidana pokok, ketentuan Pasal 65 ayat (2) UU 1/2023 menerangkan bahwa urutan pidana tersebut menentukan berat atau ringannya pidana. Kemudian, terkait penjatuhannya, bagian penjelasan Pasal 65 ayat (2) UU 1/2023 menerangkan bahwa hakim mempunyai pilihan untuk menjatuhkan salah satu pidana yang bersifat alternatif dengan orientasi tujuan pemidanaan.","'Bagaimana ketentuan mengenai penjatuhan hukuman dalam KUHP ini?',"
31,Eksekusi Hukuman,Bagaimana prosedur eksekusi hukuman pidana mati diatur dalam KUHAP?,"Berikut merupakan prosedur eksekusi hukuman pidana mati:

1. Permohonan Eksekusi;

2. Telaah terhadap permohonan eksekusi dilaksanakan oleh Panitera Muda atau Tim yang ditugaskan oleh Ketua Pengadilan Negeri dan dituangkan dalam resume telaah eksekusi;

3. Apabila hasil resume telaah eksekusi permohonan tersebut dapat dilaksanakan, maka dilakukan penghitungan panjar biaya eksekusi dan  pemohon eksekusi dipersilahkan untuk melakukan pembayaran;

4. Ketua Pengadilan Negeri mengeluarkan penetapan peringatan eksekusi/Aanmaning setelah lebih dahulu ada permintaan eksekusi dari Pemohon Eksekusi (Penggugat/Pihak yang menang perkara), dengan mendasarkan pada Pasal 196 HIR atau Pasal 207 RBg. Penetapan peringatan eksekusi berisi perintah kepada Panitera/Juru sita/Juru sita Pengganti untuk memanggil pihak termohon eksekusi (Tergugat/Pihak yang kalah) untuk diperingatkan agar supaya memenuhi atau  menjalankan putusan.

5. Apabila termohon eksekusi (Tergugat/Pihak yang kalah) tidak hadir tanpa alasan setelah dipanggil secara sah dan patut, maka proses eksekusi dapat langsung diperintahkan oleh Ketua Pengadilan Negeri tanpa sidang insidentil untuk memberi peringatan, kecuali Ketua Pengadilan menganggap perlu untuk dipanggil sekali lagi.

6. Peringatan eksekusi dipimpin oleh Ketua Pengadilan Negeri harus dilakukan dalam pemeriksaan sidang insidentil, dibantu oleh Panitera, dengan dihadiri pihak termohon eksekusi (Tergugat/pihak yang kalah), serta apabila dipandang perlu dapat menghadirkan pemohon eksekusi (penggugat/pihak yang menang perkara).

7. Peringatan eksekusi dalam sidang insidentil tersebut dicatat dalam Berita Acara yang ditandatangani oleh Ketua Pengadilan Negeri dan Panitera.

8. Dalam peringatan eksekusi tersebut Ketua Pengadilan Negeri memperingatkan termohon eksekusi (tergugat/pihak yang kalah) agar memenuhi atau melaksanakan isi putusan paling lama 8 (delapan) hari terhitung sejak diberikan peringatan.

9. Apabila tenggang waktu terlampaui, dan tidak ada keterangan atau pernyataan dari pihak yang kalah tentang pemenuhan putusan, maka sejak saat itu pemohon dapat memohon kepada Ketua Pengadilan Negeri untuk
menindak lanjuti permohonan eksekusi tanpa harus mengajukan permohonan ulang dari pihak yang menang (Pasal 197 ayat 1 HIR/Pasal 208 ayat 1 RBg).

10. Apabila perkara sudah dilakukan sita jaminan (conservatoir beslaag), maka tidak perlu diperintahkan lagi sita eksekusi (executorial beslaag). Dan apabila dalam perkara tersebut tidak dilakukan sita jaminan sebelumnya, maka Ketua Pengadilan Negeri dapat mengeluarkan penetapan sita eksekusi. Dalam hal eksekusi pengosongan tidak selalu diletakkan sita eksekusi, dapat langsung dilaksanakan pengosongan tanpa penyitaan.

11. Dalam hal melaksanakan putusan yang memerintahkan untuk melakukan pengosongan (eksekusi riil), maka hari dan tanggal pelaksanaan pengosongan ditetapkan oleh Ketua Pengadilan Negeri, setelah dilakukan rapat koordinasi dengan aparat keamanan.

12. Apabila termohon eksekusi merupakan unsur TNI (yang masih aktif atau yang telah purnawirawan), maka harus melibatkan pengamanan Polisi Militer (PM).

13. Sebelum melakukan eksekusi pengosongan, terlebih dahulu dilakukan peninjauan lokasi tanah atau bangunan yang akan dikosongkan dengan melakukan pencocokan (konstatering) guna memastikan batas-batas dan
luas tanah yang bersangkutan sesuai dengan penetapan sita atau yang tertuang dalam amar putusan dengan dihadiri oleh panitera, jurusita/jurusita pengganti, pihak berkepentingan, aparat setempat dan jika diperlukan
menghadirkan petugas Badan Pertanahan Nasional, serta dituangkan dalam Berita Acara.

14. Dalam hal melakukan pemberitahuan eksekusi pengosongan dilakukan melalui surat (Surat Pemberitahuan) kepada pihak termohon eksekusi, harus dengan memperhatikan jangka waktu yang memadai dari tanggal pemberitahuan sampai pelaksanaan pengosongan.

15. Pengosongan dilaksanakan dan dilakukan dengan memperhatikan nilai kemanusiaan dan keadilan, dengan cara yang persuasif dan tidak arogan. Misalnya dengan memerintahkan pemohon eksekusi menyiapkan gudang penampungan guna menyimpan barang milik termohon eksekusi dalam waktu yang ditentukan, atas biaya pemohon.

16. Setelah pengosongan selesai dilaksanakan, tanah atau bangunan yang dikosongkan, maka pada hari itu juga segera diserahkan kepada pemohon eksekusi atau kuasanya yang dituangkan berita acara penyerahan, dengan dihadiri oleh aparat.","'Bagaimana prosedur eksekusi hukuman pidana mati diatur dalam KUHAP?',"
32,Pemidanaan,Bagaimana ketentuan mengenai pemidanaan anak diatur dalam KUHP ini?," Pemidanaan tindak pidana yang dilakukan anak diatur dalam KUHP baru (UU no. 1/2023) sebagai berikut:

Pasal 112:
Anak yang melakukan tindak pidana yang diancam dengan pidana penjara di bawah 7 (tujuh) tahun dan bukan merupakan pengulangan tindak pidana wajib diupayakan diversi.

Pasal 113:
(1) Setiap anak dapat dikenai tindakan berupa:
      a. Pengembalian kepada orang tua/wali.
      b. Penyerahan kepada seseorang.
      c. Perawatan di rumah sakit jiwa.
      d. Perawatan di lembaga.
      e. Kewajiban mengikuti pendidikan formal dan/atau pelatihan yang                     diadakan oleh pemerintah atau badan swasta.
      f. Pencabutan Surat Izin Mengemudi (SIM).
      g. Perbaikan akibat tindak pidana.
(2) Tindakan tersebut pada huruf d, e, dan f dikenakan paling lama 1 (satu) tahun.
(3) Anak di bawah umur 14 (empat belas) tahun tidak dapat dijatuhi pidana dan hanya dapat dikenai tindakan.

Pasal 114:
Pidana yang dapat dijatuhkan terhadap anak berupa pidana pokok dan pidana tambahan.

Pasal 115:
Pidana pokok terdiri atas:
a. Pidana peringatan.
b. Pidana dengan syarat:
     1. Pembinaan di luar lembaga.
     2. Pelayanan masyarakat.
     3. Pengawasan.
c. Pelatihan kerja.
d. Pembinaan dalam lembaga.
e. Pidana penjara.

Pasal 116:
Pidana tambahan sebagaimana dimaksud dalam Pasal 114
 huruf b terdiri atas:
 a. Perampasan keuntungan yang diperoleh dari Tindak
 Pidana; atau
 b. Pemenuhan kewajiban adat.

Pasal 117:
Ketentuan mengenai diversi, tindakan, dan pidana dilaksanakan sesuai dengan ketentuan peraturan perundang-undangan.","'Bagaimana ketentuan mengenai pemidanaan anak diatur dalam KUHP ini?',"
33,Pemidanaan,Bagaimana KUHP ini mengatur mengenai alternatif hukuman selain penjara?,"Alternatif hukuman selain penjara dalam KUHP baru (UU no. 1/2023) diatur dalam penjelasan Pasal 65 ayat (1) bahwa KUHAP baru tidak hanya berorientasi pada pidana penjara dan pidana denda semata. Adapun, pidana tutupan, pidana pengawasan, dan pidana kerja sosial merupakan pelaksanaan pidana alternatif.","'Bagaimana KUHP ini mengatur mengenai alternatif hukuman selain penjara?',"
34,Pelaksanaan Hukuman,Bagaimana pelaksanaan hukuman mati diatur dalam KUHP ini?,"Hukuman mati dalam KUHP baru atau UU no. 1 tahun 2023 diatur dalam Pasal 100, pada ayat (1) disebutkan bahwa, Hakim menjatukan pidana mati dengan masa percobaan selama 10 (sepuluh) tahun dengan memperhatikan:
a. Rasa penyesalan terdakwa dan ada harapan untuk memperbaiki diri.
b. Peran terdakwa dalam tindak pidana.

Akan tetapi, dalam pasal 100 ayat (6) juga menekankan bahwa, Jika terpidana selama masa percobaan sebagaimana dimaksud pada ayat (1) tidak menunjukkan sikap dan perbuatan yang terpuji serta tidak ada harapan untuk diperbaiki, pidana mati dapat dilaksanakan atas perintah Jaksa Agung.","'Bagaimana pelaksanaan hukuman mati diatur dalam KUHP ini?',"
35,Pelaksanaan Hukuman,Bagaimana ketentuan mengenai hukuman penjara diatur dalam KUHP ini?,"Hukuman penjara atau pidana penjara diatur dalam KUHP baru (UU no. 1/2023), tepatnya dijelaskan pada Pasal 68 hingga Pasal 70.

Pasal 68:
(1) Pidana penjara dijatuhkan untuk seumur hidup atau untuk waktu tertentu.
(2) Pidana penjara untuk waktu tertentu dijatuhkan paling lama 15 (lima belas) tahun berturut turut atau paling singkat 1 (satu) Hari, kecuali ditentukan minimum khusus. 
(3) Dalam hal terdapat pilihan antara pidana mati dan pidana penjara seumur hidup atau terdapat pemberatan pidana atas Tindak Pidana yang dijatuhi pidana penjara 15 (lima belas) tahun, pidana penjara untuk waktu tertentu dapat dijatuhkan untuk waktu 20 (dua puluh) tahun berturut turut.
(4) Pidana penjara untuk waktu tertentu tidak boleh dijatuhkan lebih dari 20 (dua puluh) tahun.

Pasal 69:
(1) Jika narapidana yang menjalani pidana penjara seumur hidup telah menjalani pidana penjara paling singkat 15 (lima belas) tahun, pidana penjara seumur hidup dapat diubah menjadi pidana penjara 20 (dua puluh) tahun dengan Keputusan Presiden setelah mendapatkan pertimbangan Mahkamah Agung.
(2) Ketentuan mengenai tata cara perubahan pidana penjara seumur hidup menjadi pidana penjara 20 (dua puluh) tahun sebagaimana dimaksud pada ayat (1) diatur dengan Peraturan Pemerintah.

Pasal 70:
(1) Dengan tetap mempertimbangkan ketentuan sebagaimana dimaksud dalam Pasal 51 sampai dengan Pasal 54, pidana penjara sedapat mungkin tidak dijatuhkan jika ditemukan keadaan:
       a. Terdakwa adalah Anak;
       b. Terdakwa berumur di atas 75 (tujuh puluh lima) tahun;
       c. Terdakwa baru pertama kali melakukan Tindak Pidana;
       d. Terugian dan penderitaan Korban tidak terlalu besar;
       e. Terdakwa telah membayar ganti rugi kepada Korban;
       f.  Terdakwa tidak menyadari bahwa Tindak Pidana yang dilakukan akan menimbulkan kerugian yang besar;
       g. Tindak Pidana terjadi karena hasutan yang sangat kuat dari orang lain;
       h. Korban Tindak Pidana mendorong atau menggerakkan terjadinya Tindak Pidana tersebut;
       i.  Tindak Pidana tersebut merupakan akibat dari suatu keadaan yang tidak mungkin terulang lagi;
       j.  Kepribadian dan perilaku terdakwa meyakinkan bahwa ia tidak akan melakukan Tindak Pidana yang lain;
       k. Pidana penjara akan menimbulkan penderitaan yang besar bagi terdakwa atau keluarganya;
       l. Pembinaan di luar lemb""ga pemasyarakatan diperkirakan akan berhasil untuk diri terdakwa;
       m. Penjatuhan pidana yang lebih ringan tidak akan mengurangi sifat berat Tindak Pidana yang dilakukan terdakwa;
       n. Tindak Pidana terjadi di kalangan keluarga; dan/ atau
       o. Tindak Pidana terjadi karena kealpaan.
(2) Ketentuan sebagaimana dimaksud pada ayat (1) tidak berlaku bagi:
       a. Tindak Pidana yang diancam dengan pidana penjara 5 (lima) tahun atau lebih;
       b. Tindak Pidana yang diancam dengan pidana minimum khusus;
       c. Tindak Pidana tertentu yang sangat membahayakan atau merugikan masyarakat; atau
       d. Tindak Pidana yang merugikan keuangan atau perekonomian negara.","'Bagaimana ketentuan mengenai hukuman penjara diatur dalam KUHP ini?',"
36,Pelaksanaan Hukuman,Bagaimana ketentuan mengenai hukuman denda diatur dalam KUHP ini?,"Hukuman denda atau pidana denda diatur dalam KUHP baru (UU no. 1/2023), tepatnya dijelaskan pada Pasal 71 hingga Pasal 72.

Pasal 71:
(1) Jika seseorang melakukan Tindak Pidana yang hanya diancam dengan pidana penjara di bawah 5 (lima) tahun, sedangkan hakim berpendapat tidak perlu menjatuhkan pidana penjara setelah mempertimbangkan tujuan pemidanaan dan pedoman pemidanaan sebagaimana dimaksud dalam Pasal 51 sampai dengan Pasal 54, orang tersebut dapat dijatuhi pidana denda.
(2) Pidana denda sebagaimana dimaksud pada ayat (1) hanya dapat dijatuhkan jika:
      a. Tanpa Korban;
      b. Korban tidak mempermasalahkan; atau
      c. Bukan pengulangan Tindak Pidana.
(3) Pidana denda yang dapat dijatuhkan berdasarkan ketentuan sebagaimana dimaksud pada ayat (1) adalah pidana denda paling banyak kategori V dan pidana denda paling sedikit kategori III.
(4) Ketentuan sebagaimana dimaksud pada ayat (2) huruf c tidak berlaku bagi orang yang pernah dijatuhi pidana penjara untuk Tindak Pidana yang dilakukan
 sebelum berumur 18 (delapan belas) tahun.

Pasal 72:
(1) Narapidana yang telah menjalani paling singkat 2/3 (dua per tiga) dari pidana penjara yang dijatuhkan dengan ketentuan 213 ldua per tiga) tersebut tidak kurang dari 9 (sembilan) Bulan dapat diberi pembebasan bersyarat.
(2) Narapidana yang menjalani beberapa pidana penjara berturut turut rlianggap jumlah pidananya sebagai 1 (satu) pidana.
(3) Dalam memberikan pembebasan bersyarat sebagaimana dimaksud pada ayat (1), ditentukan masa percobaan dan syarat yang harus dipenuhi selama masa percobaan.
(4) Masa percobaan sebagaimana dimaksud pada ayat (3) sama dengan sisa waktu pidana penjara yang belum dijalani ditambah dengan 1 (satu) tahun.
(5) Narapidana sebagaimana dimaksud pada ayat (1) yang ditahan sebagai tersangka atau terdakwa dalam perkara lain tidak diperhitungkan waktu penahanannya sebagai masa percobaan.","'Bagaimana ketentuan mengenai hukuman denda diatur dalam KUHP ini?',"
37,Pelaksanaan Hukuman,Apa yang diatur mengenai kerja sosial sebagai bentuk hukuman dalam KUHP ini?,"Hukum Pidana KUHP baru (UU NO. 1/2023) mengatur hukuman kerja sosial atau pidana kerja sosial dengan ketentuan tertentu melalui Pasal 85.

Pasal 85:
(1) Pidana kerja sosial dapat dijatuhkan kepada terdakwa yang melakukan Tindak Pidana yang diancam dengan pidana penjara kurang dari 5 (lima) tahun dan hakim menjatuhkan pidana penjara paling lama 6 (enam) Bulan atau pidana denda paling banyak kategori II.
(2) Dalam menjatuhkan pidana kerja sosial sebagaimana dimaksud pada ayat (1) hakim wajib mempertimbangkan:
      a. Pengakuan terdakwa terhadap Tindak Pidana yang dilakukan;
      b. Kemampuan kerja terdakwa;
      c. Persetqjuan terdakwa sesudah dijelaskan mengenai tujuan dan segala hal yang berhubungan dengan pidana kerja sosial;
      d. Riwayat sosial terdakwa;
      e. Pelindungan keselamatan kerja terdalwa;
      f.  Agama, kepercayaan, dan keyakinan politik terdakwa; dan
      g. Kemampuan terdakwa membayar pidana denda.
(3) Pelaksanaan pidana kerja sosial tidak boleh dikomersialkan.
(4) Pidana kerja sosial dijatuhkan paling singkat 8 (delapan) jam dan paling lama 240 (d:ua ratus empat puluh) jam.
(5) Pidana kerja sosial dilaksanakan paling lama 8 (delapan) jam dalam 1 (satu) Hari dan dapat diangsur dalam waktu paling lama 6 (enam) Bulan dengan memperhatikan kegiatan terpidana dalam menjalankan mata pencahariannya dan/ atau kegiatan lain yang bermanfaat.
(6) Pelaksanaan pidana kerja sosial sebagaimana dimaksud pada ayat (5) dimuat dalam putusan pengadilan.
(7) Putusan pengadilan sebagaimana dimaksud pada ayat (6) juga memuat perintah jika terpidana tanpa alasan yang sah tidak melaksanakan seluruh atau sebagian pidana kerja sosial, terpidana wajib:
      a. Mengulangi seluruh atau sebagian pidana kerja sosial tersebut;
      b. Menjalani seluruh atau sebagian pidana penjara yang diganti dengan pidana kerja sosial tersebut; atau
      c. Membayar seluruh atau sebagran pidana denda yang diganti dengan pidana keda sosial atau menjalani pidana penjara sebagai pengganti pidana denda yang tidak dibayar.
(8) Pengawasan terhadap pelaksanaan pidana kerja sosial dilakukan oleh jaksa dan pembimbingan dilakukan oleh pembimbing kemasyarakatan.
(9) Putusan pengadilan mengenai pidana kerja sosial juga harus memuat:
      a. lama pidana penjara atau besarnya denda yang sesungguhnya dijatuhkan oleh hakim;
      b. lama pidana kerja sosial harus dijalani, dengan mencantumkan jumlah jam per Hari dan jangka waktu penyelesaian pidana kerja sosial; dan
      c. sanksi jika terpidana tidak menjalani pidana kerja sosial yang dijatuhkan.","'Apa yang diatur mengenai kerja sosial sebagai bentuk hukuman dalam KUHP ini?',"
38,Pelaksanaan Hukuman,Bagaimana KUHP ini mengatur hukuman pengawasan?,"Hukum Pidana KUHP baru (UU NO. 1/2023) mengatur hukuman pengawasan atau pidana pengawasan dengan ketentuan tertentu melalui Pasal 75 hingga Pasal 77.

Pasal 75:
Pasal ini mengatur bahwa terdakwa yang melakukan tindak pidana dengan ancaman pidana penjara maksimal lima tahun dapat dijatuhi pidana pengawasan.

Pasal 76:
(1) Pidana pengawasan dijatuhkan palinglama sama dengan pidana penjara yang diancamkan, namun tidak lebih dari tiga tahun.
(2) Dalam putusan pidana pengawasan ditetapkan syarat umum, yaitu terpidana tidak akan melakukan tindak pidana lagi.
(3) Selain syarat umum, dapat ditetapkan syarat khusus seperti mengganti kerugian yang timbul akibat tindak pidana atau melakukan/tidak melakukan sesuatu tanpa mengurangi kebebasan beragama, berkepercayaan, dan berpolitik.
(4) Jika terpidana melanggar syarat umum, maka harus menjalani pidana penjara yang lamanya tidak lebih dari ancaman pidana penjara bagi tindak pidana itu.
(5) Jika terpidana melanggar syarat khusus tanpa alasan yang sah, jaksa dapat mengusulkan kepada hakim agar terpidana menjalani pidana penjara atau memperpanjang masa pengawasan.

Pasal 77:
(1) Jika terpidana selama menjalani pidana pengawasan melakukan tindak pidana dan dijatuhi pidana yang bukan pidana mati atau pidana penjara, maka pidana pengawasan tetap dilaksanakan.
(2) Jika terpidana dijatuhi pidana penjara, pidana pengawasan ditunda dan dilaksanakan kembali setelah terpidana selesai menjalani pidana penjara.","'Bagaimana KUHP ini mengatur hukuman pengawasan?',"
39,Rehabilitasi,Bagaimana KUHP ini mengatur mengenai rehabilitasi bagi narapidana?,"Rehabilitasi narapidana diatur dalam KUHP (UU no. 1/2023), sebagai berikut:

Pasal 103:
Menjelaskan bahwa hakim dapat mengenakan tindakan rahabilitasi bersama-sama dengan pidana pokok yang dijatuhkan kepada terdakwa.

Pasal 105:
- Dijelaskan bahwa rehabilitasi dikenakan kepada terdakwa yang kecanduan alkohol, narkotika, psikotropika, dan zat adiktif lainnya, serta kepada terdakwa yang menyandang disabilitas mental dan/atau disabilitas intelektual.
   a. Rehabilitasi ini terdiri atas:
   b. Rehabilitasi medis;
   c. Rehabilitasi sosial; dan
   d. Rehabilitasi psikososialâ€‹","'Bagaimana KUHP ini mengatur mengenai rehabilitasi bagi narapidana?',"
40,Rehabilitasi,Apa yang dimaksud dengan penyidikan?,"Berdasarkan Pasal 1 butir 2 KUHAP (UU no. 8/1981), penyidikan merupakan serangkaian tindakan penyidik dalam hal dan menurut cara yang diatur dalam undang-undang ini untuk mencari serta mengumpulkan bukti yang dengan bukti itu membuat terang tentang tindak pidana yang terjadi dan guna menemukan tersangkanya. ","'Apa yang dimaksud dengan penyidikan?',"
41,Penghapusan Pidana,Apa yang dimaksud dengan penyelidikan?,"Penyelidikan merupakan serangkaian tindakan penyelidik untuk mencari dan menemukan suatu peristiwa yang diduga sebagai tindak pidana guna menentukan dapat atau tidaknya dilakukan penyidikan menurut cara yang diatur dalam KUHAP (UU no. 8/1981)i. ","'Apa yang dimaksud dengan penyelidikan?',"
42,Penghapusan Pidana,"Bagaimana ketentuan mengenai penghapusan pidana diatur dalam KUHP ini?

Apa saja kondisi yang dapat menyebabkan penghapusan pidana menurut KUHP ini?","Dalam KUHAP ( UU no. 1/2023) terdapat beberapa kondisi yang dapat menentukan penghapusan pidana. Kondisi ini merliputi alasan pembenar, alasan pemaaf, serta ketentuan lain seperti daluwarsa penuntutan dan pemberian pengampunan. Berikut penjelasan selengkapnya:

1. Alasan Pembenar
    a. Keadaan Darurrat atau Daya Paksa (Overmatch)
         - Pasal 42: Seseorang tidak dapat dipidana jika melakukan perbuatan karena adanya daya paksa atau keadaan darurat yang tidak dapat dihindari.
     b. Pembelaan Terpaksa (Noodweer)
          - Pasal 34: Seseorang tidak dapat dipidana jika melakukan perbuatan pidana untuk mempertahankan diri, kehormatan, atau harta benda dari serangan yang melawan hukum.
     c. Pelaksanaan Perintah Jabatan yang Sah
          - Pasal 44: Seseorang tidak dapat dipidana jika melakukan perbuatan pidana atas perintah jabatan yang sah dari penguasa yang berwenang.

2. Alasan Pemaaf
    a. Pembelaan Terpaksa yang Melampaui Batas (Noodweer Excess)
         - Pasal 43: Seseorang yang melakukan pembelaan diri melampaui batas yang disebabkan oleh keguncangan jiwa yang hebat karena serangan atau ancaman serangan  seketika yang melawan hukum, tidak dipidana.
     b. Gangguan JIwa atau Perkembangan Jiwa yang Terganggu
          - Pasal 38:  Setiap Orang yang pada waktu melakukan Tindak Pidana menyandang disabilitas mental dan/atau disabilitas intelektual dapat dikurangi pidananya dan/atau dikenai tindakan.

3. Kondisi Lain:
     Pasal 140: 
     Kewenangan pelaksanaan pidana dinyatakan gugur, jika:
     a. Terpidana meninggal dunia;
     b. Kedaluwarsa;
     c. Terpidana mendapat grasi atau amnesti; atau
     d. Penyerahan untuk pelaksanaan pidana ke negara lain.","'Bagaimana ketentuan mengenai penghapusan pidana diatur dalam KUHP ini?

Apa saja kondisi yang dapat menyebabkan penghapusan pidana menurut KUHP ini?',"
43,Grasi dan Amnesti,Bagaimana KUHP ini mengatur mengenai grasi?,"Dalam KUHP (UU no. 1/2023), tepatnya pada Pasal 62 ayat (1)  hanya menjelaskan bahwa permohonan grasi tidak menunda pelaksanaan putusan pemidanaan bagi terpidana, kecuali dalam hal putusan pidana mati.

Pidana mati dapat dilaksanakan setelah permohonan grasi bagi terpidana ditolak presiden sebagaimana yang dijelaskan dalam Pasal 99 ayat (1).","'Bagaimana KUHP ini mengatur mengenai grasi?',"
44,Grasi dan Amnesti,Apa perbedaan penyelidikan dan penyidikan?,"Penyelidikan berfungsi sebagai tahap awal untuk mengidentifikasi apakah ada indikasi tindak pidana, sedangkan penyidikan adalah tahap yang lebih mendalam dengan tujuan mengumpulkan bukti yang cukup untuk menuntut sesorang atas tindak pidana yang diduga dilakukan.","'Apa perbedaan penyelidikan dan penyidikan?',"
45,Peradilan Pidana Khusus,Bagaimana KUHP mengatur mengenai pidana khusus?,"Dalam KUHP (UU no. 1/2023) pidana khusus atau pidana yang bersifat khusus sebagaimana yang diatur dalam Pasal 67 merupakan pidana mati yang selalu diancamkan secara alternatif. 

Pada bagian penjelasan Pasal 67 juga diatur bahwa tindak pidana yang bisa diancam dengan pidana yang bersifat khusus adalah tindak pidana yang sangat serus atau yang luar biasa, anatara lain tindak pidana narkotika, terorisme, korupsi, dan tindak pidana berat terhadap hak asasi manusia.","'Bagaimana KUHP mengatur mengenai pidana khusus?',"
46,Peradilan Pidana Khusus,Bagaimana ketentuan mengenai tindak pidana korupsi diatur dalam pidana khusus menurut KUHP?,"Ketentuan tindak pidana korupsi (TIpikor) mencabut ketentuan Pasal 2 ayat (1), Pasal 3, Pasal 5, Pasal 11 dan Pasal 13 UU No.31 Tahun 1999 jo. UU No.20 Tahun 2001 tentang Pemberantasan Tindak Pidana Korupsi (â€œUU Tipikorâ€). Sehingga pengaturannya di KUHP baru menjadi ketentuan sebagaimana Pasal 603 sampai dengan Pasal 606 UU 1/2023.

Pasal 603:
Setiap orang yang secara melawan hukum melakukan perbuatan memperkaya diri sendiri, orang lain, atau korporasi yang merugikan keuangan negara atau perekonomian negara. dengan pidana penjara seumur hidup atau pidana penjara paling singkat 2 (dua) tahun dan paling lama 20 (dua puluh) tahun dan Denda paling sedikit kategori II (Rp10.000.000,00) dan paling banyak kategori IV (Rp2.000.000.000,00).

Pasal 604:
Setiap Orang yang dengan tujuan menguntungkan diri sendiri, orang lain, atau Korporasi menyalahgunakan kewenangan, kesempatan, atau sarana yang ada padanya karena jabatan atau kedudukan yang merugikan keuangan negara atau perekonomian negara, dipidana dengan pidana penjara seumur hidup atau pidana penjara paling singkat 2 (dua) tahun dan paling lama 20 (dua puluh) tahun dan pidana denda paling sedikit kategori II dan paling banyak kategori VI.

Pasal 605:
(1) Dipidana dengan pidana penjara paling singkat 1 (satu) tahun dan paling lama 5 (lima) tahun dan pidana denda paling sedikit kategori III dan paling banyak kategori V, Setiap Orang yang:
   a. memberi atau menjanjikan sesuatu kepada pegawai negeri atau penyelenggara negara dengan maksud supaya pegawai negeri atau penyelenggara negara tersebut berbuat atau tidak berbuat sesuatu dalam jabatannya, yang bertentangan dengan kewajibannya; atau
   b. memberi sesuatu kepada pegawai negeri atau penyelenggara negara karena atau berhubungan dengan sesuatu yang bertentangan dengan kewajiban, yang dilakukan atau tidak dilakukan dalam jabatannya.
(2) Pegawai negeri atau penyelenggara negara yang menerima pemberian atau janji sebagaimana dimaksud pada ayat (l), dipidana dengan pidana penjara paling singkat 1 (satu) tahun dan paling lama 6 (enam) tahun dan pidana denda paling sedikit kategori III dan paling banyak kategori V.

Pasal 606:
(1) Setiap Orang yang memberikan hadiah atau janji kepada pegawai negeri atau penyelenggara negara dengan mengingat kekuasaan atau wewenang yang melekat pada jabatan atau kedudukannya, atau oleh pemberi hadiah atau janji dianggap melekat pada jabatan atau kedudukan tersebut, dipidana dengan pidana penjara paling lama 3 (tiga) tahun dan pidana denda paling banyak kategori IV.
(2) Pegawai negeri atau penyelenggara negara yang menerima hadiah atau janji sebagaimana dimaksud pada ayat (1), dipidana dengan pidana penjara paling lama 4 (empat) tahun dan pidana denda paling banyak kategori IV.","'Bagaimana ketentuan mengenai tindak pidana korupsi diatur dalam pidana khusus menurut KUHP?',"
47,Tindak Pidana Khusus,Bagaimana KUHP mengatur tindak pidana narkotika?,Tindak pidana narkotika diatur dari Pasal 609 sampai Pasal 611 dalam KUHP baru (UU no. 1/2023).,"'Bagaimana KUHP mengatur tindak pidana narkotika?',"
48,Tindak Pidana Khusus,Bagaimana KUHP ini mengatur tindak pidana perdagangan orang?,"Ketentuan mengenai larangan perdagangan orang pada dasarnya telah diatur di dalam Kitab Undang-Undang Hukum Pidana (KUHP) Pasal 455 UU 1/2023.

Pasal 455:
(1)  Setiap Orang yang melakukan perekrutan, pengangkutan, penampungan, pengiriman, pemindahan, atau penerimaan seseorang dengan Ancaman Kekerasan, penggunaan Kekerasan, penculikan, penyekapan, pemalsuan, penipuan, penyalahgunaan kekuasaan atau posisi rentan, penjeratan utang, atau memberi bayaran atau manfaat walaupun memperoleh persetujuan dari orang yang memegang kendali atas orang lain, untuk tujuan mengeksploitasi orang tersebut di wilayah Negara Kesatuan Republik Indonesia, dipidana karena melakukan Tindak Pidana perdagangan orang, dengan pidana penjara paling singkat 3 (tiga) tahun dan paling lama 15 (lima belas) tahun dan pidana denda paling sedikit kategori IV dan paling banyak kategori VII.
(2) Jika perbuatan sebagaimana dimalsud pada ayat (1) mengakibatkan orang tereksploitasi, pelaku dipidana dengan pidana yang sama.","'Bagaimana KUHP ini mengatur tindak pidana perdagangan orang?',"
49,Tindak Pidana Khusus,Bagaimana KUHP ini mengatur tindak pidana pencucian uang?,"Kitab Undang-Undang Hukum Pidana (KUHP) Indonesia mengatur tindak pidana pencucian uang dalam beberapa pasal yang secara khusus menangani tindakan yang berhubungan dengan aktivitas pencucian uang. Namun, pengaturan yang lebih rinci mengenai tindak pidana pencucian uang terdapat dalam Undang-Undang Nomor 8 Tahun 2010 tentang Pencegahan dan Pemberantasan Tindak Pidana Pencucian Uang (UU TPPU).

KUHP sendiri mungkin hanya memberikan landasan umum mengenai tindak pidana terkait kekayaan dan keuangan, namun UU TPPU memberikan kerangka hukum yang komprehensif untuk menangani, mencegah, dan memberantas pencucian uang di Indonesia.","'Bagaimana KUHP ini mengatur tindak pidana pencucian uang?',"
50,,Sebutkan kasus pidana yang termasuk ke dalam pidana khusus,"Berikut merupakan beberapa kasus tindak pidana yang termasuk ke dalam tindak pidana khusus:
- KDRT (Kekerasan Dalam Rumah Tangga).
- Kejahatan hak cipta.
- Kehutanan.
- Uang palsu.
- Kejahatan merek.
- Perbankan.
- Perdagangan orang.
- Praperadilan jinayat.
- Penistaan.
- Senjata api.
- Mata uang.
- Pornografi.
- Pengelolaan wilayah pesisir.
- Narkotika dan psikotropika.
- Terorisme.
- Lingkungan hidup.
- Penempatan dan perlindungan TKI (Tenaga Kerja Indonesia).
- Minyak dan Gas (Migas).
- Konservasi SDA.
- Farmasi.
- Ilegal logging.
- Pencurian uang.
- Korupsi.
- Penyiaran.
- Ketenagalistrikan.
- Perlindungan konsumen.
- Pertambangan.
- Cukai.
- ITE.
- Perpajakan.
- Perkeretaapian.
- Perumahan dan pemukiman.
- Pelayaran.
- HAM.
- Anak.
- Peradilan anak ABH.
- Rahasia dagang.
- Ketenagakerjaan.
- Pemilu",
51,,,,
52,,,,
53,,,,
54,,,,
55,,,,
56,,,,
57,,,,
58,,,,
59,,,,
60,,,,
61,,,,
62,,,,
63,,,,
64,,,,
65,,,,
66,,,,
67,,,,
68,,,,
69,,,,
70,,,,
71,,,,
72,,,,
73,,,,
74,,,,
75,,,,
76,,,,
77,,,,
78,,,,
79,,,,
80,,,,
81,,,,
82,,,,
83,,,,
84,,,,
85,,,,
86,,,,
87,,,,
88,,,,
89,,,,
90,,,,
91,,,,
92,,,,
93,,,,
94,,,,
95,,,,
96,,,,
97,,,,
98,,,,
99,,,,
100,,,,
101,,,,
102,,,,
103,,,,
104,,,,
105,,,,
106,,,,
107,,,,
108,,,,
109,,,,
110,,,,
111,,,,
112,,,,
113,,,,
114,,,,
115,,,,
116,,,,
117,,,,
118,,,,
119,,,,
120,,,,
121,,,,
122,,,,
123,,,,
124,,,,
125,,,,
126,,,,
127,,,,
128,,,,
129,,,,
130,,,,
131,,,,
132,,,,
133,,,,
134,,,,
135,,,,
136,,,,
137,,,,
138,,,,
139,,,,
140,,,,
141,,,,
142,,,,
143,,,,
144,,,,
145,,,,
146,,,,
147,,,,
148,,,,
149,,,,
150,,,,
151,,,,
152,,,,
153,,,,
154,,,,
155,,,,
156,,,,
157,,,,
158,,,,
159,,,,
160,,,,
161,,,,
162,,,,
163,,,,
164,,,,
165,,,,
166,,,,
167,,,,
168,,,,
169,,,,
170,,,,
171,,,,
172,,,,
173,,,,
174,,,,
175,,,,
176,,,,
177,,,,
178,,,,
179,,,,
180,,,,
181,,,,
182,,,,
183,,,,
184,,,,
185,,,,
186,,,,
187,,,,
188,,,,
189,,,,
190,,,,
191,,,,
192,,,,
193,,,,
194,,,,
195,,,,
196,,,,
197,,,,
198,,,,
199,,,,
200,,,,